{
    "Mentiongift": false,
    "Mentionkick": false,
    "Respontag": "🇹🇭 SELFBOT-BY:ปอน 🕵",
    "Talkblacklist": {},
    "Talkdblacklist": false,
    "Talkwblacklist": false,
    "addadmin": false,
    "addbots": false,
    "addstaff": false,
    "admin": {},
    "autoAdd": false,
    "autoJoin": false,
    "autoLeave": false,
    "autoLeave1": false,
    "blacklist": {},
    "bots": {},
    "comment": "Like like & like by SELFBOT-BY:ปอน",
    "contact": false,
    "dblacklist": false,
    "delladmin": false,
    "dellbots": false,
    "dellstaff": false,
    "detectMention": false,
    "leave": "Good Bye, See You Next Time 😃\n\nBY: 🇹🇭 SELFBOT-BY:ปอน 🕵",
    "limit": 1,
    "mention": "🇹🇭 SELFBOT-BY:ปอน 🕵",
    "message": "Terimakasih sudah add saya 😃\n\nBY: 🇹🇭 SELFBOT-BY:ปอน 🕵",
    "owner": {},
    "selfbot": true,
    "staff": {},
    "sticker": false,
    "talkban": true,
    "unsend": false,
    "wblacklist": false,
    "welcome": "Selamat datang\n\nBY: 🇹🇭 SELFBOT-BY:ปอน 🕵",
    "welcomeOn": false
}
